{
  "version": "1.1.0",
  "diagrams": [
    {
      "ordinal": 0,
      "scrollPosition": {
        "x": 72.1910987155461,
        "y": 143.47986096204897
      },
      "nodes": [
        {
          "location": {
            "x": 395.60500341587442,
            "y": 554.95360154953551
          },
          "nodeIndex": "finance_transactions",
          "nodeLineageTag": "3000f5ce-2316-4cf9-87ab-c1efa85c6e9d",
          "size": {
            "height": 300,
            "width": 234
          },
          "zIndex": 2
        },
        {
          "location": {
            "x": 0,
            "y": 179.52380898040985
          },
          "nodeIndex": "customers",
          "nodeLineageTag": "26096bb8-941d-49f9-ab88-976ee0fcadb8",
          "size": {
            "height": 300,
            "width": 234
          },
          "zIndex": 1
        },
        {
          "location": {
            "x": 782.30036471196718,
            "y": 311.61660588133878
          },
          "nodeIndex": "calendar",
          "nodeLineageTag": "6f25d990-c9a4-48e8-b260-3b371715182b",
          "size": {
            "height": 200,
            "width": 234
          },
          "zIndex": 0
        },
        {
          "location": {
            "x": 1066.3003647119672,
            "y": 321.5561659446995
          },
          "nodeIndex": "dynamic metric",
          "size": {
            "height": 152,
            "width": 234
          },
          "zIndex": 0
        }
      ],
      "name": "Все таблицы",
      "zoomValue": 79.553182037700481,
      "pinKeyFieldsToTop": false,
      "showExtraHeaderInfo": false,
      "hideKeyFieldsWhenCollapsed": false,
      "tablesLocked": false
    }
  ],
  "selectedDiagram": "Все таблицы",
  "defaultDiagram": "Все таблицы"
}